[
  {
    "settingCategory": "finance_settings",
    "settingKey": "last_invoice_number",
    "settingValue": 0,
    "valueType": "number",
    "isCoreSetting": true,
    "isPrivate": false
  },
  {
    "settingCategory": "finance_settings",
    "settingKey": "last_quote_number",
    "settingValue": 0,
    "valueType": "number",
    "isCoreSetting": true,
    "isPrivate": false
  },
  {
    "settingCategory": "finance_settings",
    "settingKey": "last_offer_number",
    "settingValue": 0,
    "valueType": "number",
    "isCoreSetting": true,
    "isPrivate": false
  },
  {
    "settingCategory": "finance_settings",
    "settingKey": "last_payment_number",
    "settingValue": 0,
    "valueType": "number",
    "isCoreSetting": true,
    "isPrivate": false
  },
  {
    "settingCategory": "finance_settings",
    "settingKey": "invoice_prefix",
    "settingValue": "inv-",
    "valueType": "string",
    "isCoreSetting": true,
    "isPrivate": false
  },
  {
    "settingCategory": "finance_settings",
    "settingKey": "quote_prefix",
    "settingValue": "qot-",
    "valueType": "string",
    "isCoreSetting": true,
    "isPrivate": false
  },
  {
    "settingCategory": "finance_settings",
    "settingKey": "offer_prefix",
    "settingValue": "ofr-",
    "valueType": "string",
    "isCoreSetting": true,
    "isPrivate": false
  },
  {
    "settingCategory": "finance_settings",
    "settingKey": "payment_prefix",
    "settingValue": "pym-",
    "valueType": "string",
    "isCoreSetting": true,
    "isPrivate": false
  },
  {
    "settingCategory": "finance_settings",
    "settingKey": "current_invoice_year",
    "settingValue": 2023,
    "valueType": "number",
    "isCoreSetting": true,
    "isPrivate": false
  },
  {
    "settingCategory": "finance_settings",
    "settingKey": "current_quote_year",
    "settingValue": 2023,
    "valueType": "number",
    "isCoreSetting": true,
    "isPrivate": false
  },
  {
    "settingCategory": "finance_settings",
    "settingKey": "current_offer_year",
    "settingValue": 2023,
    "valueType": "number",
    "isCoreSetting": true,
    "isPrivate": false
  }
]
