[
  {
    "settingCategory": "invoice_settings",
    "settingKey": "invoice_show_product_tax",
    "settingValue": false,
    "valueType": "boolean",
    "isCoreSetting": true,
    "isPrivate": false
  },
  {
    "settingCategory": "invoice_settings",
    "settingKey": "invoice_load_default_client",
    "settingValue": false,
    "valueType": "boolean",
    "isCoreSetting": true,
    "isPrivate": false
  },
  {
    "settingCategory": "invoice_settings",
    "settingKey": "invoice_pdf_footer",
    "settingValue": "Invoice was created on a computer and is valid without the signature and seal",
    "valueType": "string",
    "isCoreSetting": true,
    "isPrivate": false
  },
  {
    "settingCategory": "invoice_settings",
    "settingKey": "invoice_status",
    "settingValue": ["draft", "pending", "sent", "received", "refund", "cancelled", "on hold"],
    "valueType": "array",
    "isCoreSetting": true,
    "isPrivate": false
  }
]
