[
  {
    "settingCategory": "offer_settings",
    "settingKey": "offer_show_product_tax",
    "settingValue": false,
    "valueType": "boolean",
    "isCoreSetting": true,
    "isPrivate": false
  },
  {
    "settingCategory": "offer_settings",
    "settingKey": "offer_load_default_client",
    "settingValue": false,
    "valueType": "boolean",
    "isCoreSetting": true,
    "isPrivate": false
  },
  {
    "settingCategory": "offer_settings",
    "settingKey": "offer_status",
    "settingValue": [
      "draft",
      "pending",
      "sent",
      "negotiation",
      "accepted",
      "declined",
      "cancelled"
    ],
    "valueType": "array",
    "isCoreSetting": true,
    "isPrivate": false
  },
  {
    "settingCategory": "offer_settings",
    "settingKey": "offer_pdf_footer",
    "settingValue": "Offer was created on a computer and is valid without the signature and seal",
    "valueType": "string",
    "isCoreSetting": true,
    "isPrivate": false
  }
]
